TEAM_ID,TEAM_NAME,GP,W,L,W_PCT,MIN,E_OFF_RATING,OFF_RATING,E_DEF_RATING,DEF_RATING,E_NET_RATING,NET_RATING,AST_PCT,AST_TO,AST_RATIO,OREB_PCT,DREB_PCT,REB_PCT,TM_TOV_PCT,EFG_PCT,TS_PCT,E_PACE,PACE,PACE_PER40,POSS,PIE,GP_RANK,W_RANK,L_RANK,W_PCT_RANK,MIN_RANK,OFF_RATING_RANK,DEF_RATING_RANK,NET_RATING_RANK,AST_PCT_RANK,AST_TO_RANK,AST_RATIO_RANK,OREB_PCT_RANK,DREB_PCT_RANK,REB_PCT_RANK,TM_TOV_PCT_RANK,EFG_PCT_RANK,TS_PCT_RANK,PACE_RANK,PIE_RANK
1610612737,Atlanta Hawks,82,28,54,0.341,3981.0,98.2,99.1,103.1,103.9,-4.9,-4.8,0.583,1.22,15.7,0.308,0.686,0.5,0.176,0.465,0.514,93.5,92.68,77.24,7680,0.466,1,25,25,25,4,24,24,26,24,27,24,19,13,17,24,18,17,10,25
1610612738,Boston Celtics,82,36,46,0.439,3941.0,99.9,100.7,100.2,102.2,-0.3,-1.5,0.592,1.26,16.1,0.279,0.658,0.473,0.172,0.486,0.532,95.8,94.47,78.73,7757,0.49,1,20,20,20,28,16,17,19,18,23,21,28,26,28,23,5,4,3,19
1610612741,Chicago Bulls,82,23,59,0.28,3966.0,93.9,95.6,100.5,102.1,-6.6,-6.5,0.641,1.36,16.7,0.311,0.679,0.491,0.172,0.446,0.486,94.8,93.23,77.69,7694,0.446,1,28,28,28,11,28,16,28,6,19,12,17,18,22,22,29,29,8,27
1610612739,Cleveland Cavaliers,82,35,47,0.427,3971.0,98.4,100.6,101.3,103.1,-2.9,-2.6,0.619,1.49,16.9,0.34,0.688,0.514,0.16,0.451,0.498,93.6,91.71,76.43,7577,0.491,1,21,21,21,7,18,20,21,12,10,11,4,12,5,11,28,27,14,18
1610612742,Dallas Mavericks,82,52,30,0.634,3961.0,109.6,110.4,104.3,105.9,5.3,4.5,0.591,1.96,17.7,0.335,0.686,0.507,0.128,0.495,0.536,95.7,94.62,78.85,7814,0.527,1,7,7,7,15,1,26,6,19,1,6,6,14,10,1,3,3,2,8
1610612743,Denver Nuggets,82,43,39,0.524,3946.0,100.8,102.4,99.9,101.4,0.9,1.0,0.599,1.4,16.5,0.337,0.664,0.498,0.164,0.467,0.517,96.1,94.64,78.87,7786,0.505,1,11,11,11,26,9,15,12,16,13,14,5,24,20,17,17,12,1,12
1610612765,Detroit Pistons,82,54,28,0.659,3956.0,99.1,100.3,92.5,93.9,6.6,6.5,0.62,1.37,16.6,0.332,0.686,0.512,0.168,0.461,0.511,90.5,89.34,74.45,7365,0.558,1,6,6,6,19,19,2,2,10,18,13,8,15,6,20,20,19,22,2
1610612744,Golden State Warriors,82,37,45,0.451,3971.0,100.5,101.5,101.2,102.6,-0.7,-1.1,0.585,1.39,16.2,0.312,0.694,0.503,0.161,0.475,0.517,92.1,90.95,75.79,7535,0.491,1,18,18,18,7,12,18,16,23,16,19,16,8,14,12,12,13,18,17
1610612745,Houston Rockets,82,45,37,0.549,3986.0,98.1,99.7,96.4,97.8,1.8,1.9,0.577,1.15,15.8,0.305,0.708,0.516,0.186,0.484,0.528,90.3,88.92,74.1,7384,0.513,1,10,10,10,3,23,5,10,25,28,23,22,3,4,28,6,7,25,10
1610612754,Indiana Pacers,82,61,21,0.744,3961.0,100.9,102.5,94.8,96.2,6.1,6.3,0.644,1.5,17.3,0.32,0.706,0.511,0.162,0.471,0.52,89.9,88.54,73.78,7311,0.539,1,1,1,1,15,8,3,3,4,8,8,11,5,7,13,16,10,26,5
1610612746,Los Angeles Clippers,82,28,54,0.341,3961.0,99.8,101.9,105.9,106.6,-6.1,-4.7,0.587,1.23,15.5,0.362,0.677,0.517,0.176,0.453,0.512,93.8,92.49,77.08,7624,0.464,1,25,25,25,15,11,28,25,22,25,26,2,19,2,25,27,18,12,26
1610612747,Los Angeles Lakers,82,56,26,0.683,3971.0,102.7,104.2,98.7,100.1,4.0,4.1,0.643,1.72,17.9,0.313,0.701,0.506,0.146,0.481,0.522,94.8,93.39,77.82,7729,0.538,1,4,4,4,7,6,8,7,5,4,4,15,7,12,5,7,8,7,6
1610612763,Memphis Grizzlies,82,50,32,0.61,3976.0,101.9,103.4,99.2,100.8,2.7,2.6,0.646,1.56,17.7,0.325,0.655,0.489,0.16,0.479,0.522,94.0,92.6,77.17,7670,0.522,1,8,8,8,5,7,12,8,3,7,5,10,29,23,10,8,9,11,9
1610612748,Miami Heat,82,42,40,0.512,3951.0,99.3,100.6,98.9,100.3,0.4,0.3,0.573,1.38,15.6,0.307,0.707,0.504,0.154,0.463,0.51,90.5,89.3,74.42,7361,0.496,1,12,12,12,23,17,9,13,26,17,25,20,4,13,7,19,21,23,13
1610612749,Milwaukee Bucks,82,41,41,0.5,3956.0,103.5,104.6,102.6,103.5,0.9,1.1,0.63,1.69,17.5,0.308,0.69,0.499,0.144,0.477,0.528,94.1,93.2,77.66,7682,0.51,1,14,14,14,19,4,23,11,7,5,7,18,11,18,3,10,6,9,11
1610612750,Minnesota Timberwolves,82,58,24,0.707,3951.0,103.3,104.2,96.6,98.5,6.7,5.7,0.623,1.81,18.2,0.303,0.691,0.507,0.14,0.486,0.528,91.5,90.24,75.2,7441,0.554,1,2,2,2,23,5,6,4,8,3,3,23,9,11,2,4,5,20,3
1610612751,New Jersey Nets,82,47,35,0.573,3941.0,98.2,99.0,95.2,96.4,3.0,2.6,0.714,1.66,19.1,0.289,0.711,0.501,0.162,0.471,0.515,91.9,90.97,75.81,7475,0.533,1,9,9,9,28,25,4,9,1,6,2,27,1,16,14,15,15,17,7
1610612740,New Orleans Hornets,82,41,41,0.5,3966.0,99.1,100.7,99.5,100.6,-0.3,0.1,0.619,1.4,16.4,0.332,0.681,0.502,0.164,0.46,0.505,91.8,90.59,75.49,7476,0.491,1,14,14,14,11,15,11,14,11,14,15,9,16,15,18,22,24,19,15
1610612752,New York Knicks,82,39,43,0.476,3976.0,99.1,99.7,100.3,101.3,-1.2,-1.6,0.588,1.31,16.4,0.307,0.701,0.508,0.17,0.474,0.518,92.1,91.29,76.08,7563,0.488,1,17,17,17,5,22,14,20,21,21,16,21,6,8,21,13,11,16,20
1610612753,Orlando Magic,82,21,61,0.256,3966.0,99.3,101.4,107.5,108.8,-8.3,-7.4,0.545,1.41,15.2,0.315,0.657,0.481,0.148,0.461,0.504,93.6,92.14,76.78,7608,0.434,1,29,29,29,11,13,29,29,28,12,28,13,27,25,6,21,25,13,29
1610612755,Philadelphia 76ers,82,33,49,0.402,3971.0,96.1,97.8,99.1,100.4,-3.0,-2.6,0.611,1.25,16.1,0.313,0.681,0.498,0.177,0.456,0.505,90.7,89.26,74.38,7379,0.484,1,22,22,22,7,26,10,22,13,24,20,14,17,19,26,24,23,24,22
1610612756,Phoenix Suns,82,29,53,0.354,3946.0,98.8,100.3,102.2,104.2,-3.4,-3.8,0.536,1.27,15.3,0.297,0.661,0.479,0.162,0.475,0.515,95.3,93.72,78.1,7699,0.466,1,24,24,24,26,20,25,24,29,22,27,25,25,26,16,11,14,6,24
1610612757,Portland Trail Blazers,82,41,41,0.5,3996.0,100.5,102.1,102.2,103.5,-1.6,-1.5,0.61,1.46,17.2,0.344,0.67,0.507,0.166,0.478,0.515,88.8,87.54,72.95,7289,0.488,1,14,14,14,1,10,22,18,14,11,9,3,22,9,19,9,16,29,21
1610612758,Sacramento Kings,82,55,27,0.671,3956.0,107.3,108.6,102.2,103.2,5.1,5.4,0.694,1.89,19.6,0.292,0.676,0.488,0.146,0.507,0.554,95.3,94.25,78.54,7765,0.544,1,5,5,5,19,2,21,5,2,2,1,26,20,24,4,1,1,4,4
1610612759,San Antonio Spurs,82,57,25,0.695,3951.0,99.8,101.0,91.6,93.1,8.2,7.9,0.59,1.39,16.3,0.319,0.71,0.516,0.162,0.473,0.511,91.5,90.23,75.19,7428,0.566,1,3,3,3,25,14,1,1,20,15,17,12,2,3,15,14,20,21,1
1610612760,Seattle SuperSonics,82,37,45,0.451,3961.0,104.0,105.6,104.7,106.4,-0.6,-0.8,0.606,1.5,17.1,0.302,0.655,0.479,0.158,0.501,0.54,92.8,91.34,76.12,7542,0.491,1,18,18,18,15,3,27,15,15,9,10,24,28,27,8,2,2,15,16
1610612761,Toronto Raptors,82,33,49,0.402,3996.0,94.6,95.3,97.6,98.8,-3.0,-3.4,0.593,1.35,15.9,0.27,0.673,0.471,0.159,0.454,0.495,89.1,88.24,73.53,7348,0.476,1,22,22,22,1,29,7,23,17,20,22,29,21,29,9,25,28,28,23
1610612762,Utah Jazz,82,42,40,0.512,3956.0,98.3,100.0,100.4,101.3,-2.1,-1.3,0.621,1.22,16.3,0.373,0.691,0.529,0.188,0.456,0.509,89.4,88.26,73.55,7271,0.493,1,12,12,12,19,21,13,17,9,26,18,1,10,1,29,23,22,27,14
1610612764,Washington Wizards,82,25,57,0.305,3966.0,95.9,97.2,101.9,102.9,-6.1,-5.7,0.557,1.07,14.5,0.333,0.667,0.496,0.186,0.454,0.5,95.0,93.9,78.25,7751,0.441,1,27,27,27,11,27,19,27,27,29,29,7,23,21,27,26,26,5,28
